id|name|address|phone
501|Rana Ambulance Services|A-193 A|Raju Park| Sainik Farms| Delhi - 110062|+(91)-11-66357791
502|P S Funeral & Ambulance Service PVT...|224|1st Flr| Humayun Pur| Safdarjung Enclave| Delhi - 110029|+(91)-11-66355277
3|Farista Rescue Road and Air Ambula...|Near Medanta The Medicity Hospital| Gurgaon| Gurgaon - 122001|+(91)-11-66583760
4|Paras Hospital|C-1| Sec-43|PH-1| Sushant Lok| Gurgaon - 122002|+(91)-124-4585555| +(91)-9650505518
5|Gouri Ambulance Services|O 59| Sector 12| Noida| Noida - 201301|+(91)-11-66360411
6|City Ambulance Road & Air Services|F-6/11| Malviya Nagar| Delhi - 110017|+(91)-11-66536084
7|Sharma Ambulance Services|Building 9363 Kishan Ganj| Ghode Wali Gali| Karol Bagh| Delhi - 110005|+(91)-11-66538710
8|Gouri Ambulance|O -59| Noida Sector-12| Noida - 201301|+(91)-11-66585970
9|Suvidha Ambulance Services|H No-50|Village Khichripur| Near Primary School| Kalyan Puri| Delhi - 110091|+(91)-11-66355574
10|Deepak Ambulance Services|Plot No-2| Near Ayushman Hospital| Dwarka Sector-12| Delhi - 110075|+(91)-11-66266026
11|M P Ambulance Services Pvt Ltd|H No- 339| F Block| Mollarband| Gali No-5| Aiims-Safdarjung Enclave| Delhi - 110029|+(91)-11-66431950
12|Ashoka Rescue Ambulance services Pv...|106 Dharma Colony| Palam Vihar Extn| Gurgaon Ho| Gurgaon - 122001|+(91)-9810364143
13|Aggarwal Ambulance Service|Near Medanta Medicity Sector-39| Gurgaon Sector-38| Gurgaon - 122001|+(91)-11-66363185
14|Columbia Asia Hospital|Block- F| Gole Chakkar| Ansals Palam Vihar| Palam Vihar| Gurgaon - 122017|+(91)-11-66720722
15|Kumar & Co International|15|New Palam Vihar| Near Bajghera Railway Crossing| Nehru Vihar| Delhi - 110054|+(91)-11-66361953
16|Sumit Mortuary Van|C201/A| Near Ddu| Hari Nagar| Delhi - 110064|+(91)-11-66723974
17|Tomar Rescue Services|F-2| Sangam Vihar| Near Medanta The Medicity Hospital| Gurgaon| Gurgaon - 122001|+(91)-11-66721755
18|Yadav Ambulance Services|690| Main Road| Ndse| Delhi - 110049|+(91)-11-66581719
19|New Dost Ambulance Services|Crp Camp|Resum Taxi Stand| Mayur Vihar Phase III| Delhi - 110096|+(91)-11-66363049
20|Ramanand Ambulance Service|C-1| Nr Deen Dayal Hospital| Hari Nagar Clock Tower| Hari Nagar| Delhi - 110064|+(91)-11-66534926
21|Kumar Ambulance Services|14/247| Nr.virat Cinema| Dakshinpuri| Delhi - 110062|+(91)-9871724027
22|Artemis Hospital|Plot No 14| Near Sector 9 Metro Station| Dwarka Sector-20| Delhi - 110075|+(91)-11-66721768
23|R P Ambulance|C-1|Mata Chanan Devi Hospital| Near Pankha Road| Janakpuri| Delhi - 110058|+(91)-11-66363168
24|Dashrath Yadav Ambulance Services|690| Malka Ganj| Delhi - 110007|+(91)-11-66581010
25|Kapoor Medical And Ambulance Servic...|E-18| Naraina Vihar| Opp To Bikanerwala| Naraina| Delhi - 110028|+(91)-11-25793124| +(91)-9818276777
26|Yadav Ambulance|Plot No 690| Bihari Colony| Shahdara| Delhi - 110032|+(91)-11-66585039
27|Patient Transport Services|Stand No .-2| Igi Airport| Delhi - 110037|+(91)-11-66725647
28|Sai Ambulance Service|C-77 OMI Crown Second Greater Noida| Near Redison Hotel| Greater Noida| Noida - 201308|+(91)-9999778777
29|M P Ambulance Services pvt ltd|Shop No-3| Near Aiims| Yusuf Sarai-Green Park| Delhi - 110016|+(91)-11-66581371
30|Flymed Rescue Ambulance Service|Max Hospital Saket| Saket| Delhi - 110017|+(91)-11-66266814
31|Tyagi Ambulance Service|Lady Harding Hospital| Connaught Place| Delhi - 110001|+(91)-11-66532155
32|Flymed Rescue Ambulance Service|Medanta| Gurgaon| Gurgaon - 122001|+(91)-11-66265297
33|Manjeet Singh Ambulance|A-402|Dda Flats|Jahangir Puri| Near Metro Station Jahangirpuri| Jahangir Puri| Delhi - 110033|+(91)-11-66361018
34|Yadav Ambulance Services|Ram Leela Ground| Kavi Nagar| Ghaziabad - 201002|+(91)-11-66435041
35|Goodmans Rescue|M-2| Part-1| Near ICICI Bank| Greater Kailash I| Delhi - 110048|+(91)-11-66356055
36|Pulse Ambulance Services|A-1| Near Bansal Hospital| Escort Hospital| New Friends Colony| Delhi - 110065|+(91)-11-66360353
37|Lord Krishna Ambulance|D-1/718| Near Bhagwan Mahaveer Hospital| Rani Bagh| Delhi - 110034|+(91)-11-66725544
38|J K AMBULANCE SERVICES|J-23 Pocket-2| Near Redfork Hotel| Mayur Vihar| Delhi - 110091|+(91)-11-66532819
39|Sai Kripa Ambulance Services|House No 53-54| Chatarpur Pahari| Street No D-2| Chattarpur| Delhi - 110030|+(91)-11-66264352
40|Rajan Ambulance Service|G-270 |Molarband Ext.| Gali No.13| Badarpur| Delhi - 110044|+(91)-11-66218126
41|Sahara Ambulance Service|Wz 129| Near Gaga Ram Hospital| Karol Bagh| Delhi - 110005|+(91)-11-67778130
42|Tomar Ambulance Services|Press Enclave Marg| NR. Psri Hospital| Sheikh Sarai 2| Delhi - 110017|+(91)-11-66537444
43|Raj Ambulance|A-62| Near Ayushman Hospital| Dwarka Sector-12| Delhi - 110075|+(91)-11-66532635
44|Ramjilal Ambulance Services|49/9|Ratan Garden| Old Railway Road| Gurgaon| Gurgaon - 122001|+(91)-11-66355458
45|SAHYOG AMBULANCE|1212-A| Near Saraswati Park| Housing Board Colony| Faridabad Sector-29| Faridabad - 121008|+(91)-11-66536132
46|L S Ambulance Services|O 59| Noida Sector-12| Noida - 201301|+(91)-11-66722274
47|Choudhary Ambulance Service|Office Number 22| Maliwara Chowk| Basant Road| Ghaziabad| Ghaziabad - 201001|+(91)-11-66533915
48|Prime Air Ambulance Pvt Ltd|8/29| Opp Igi Airport Domestic Terminal | Palam| Mehramnagar| Igi Airport| Delhi - 110037|+(91)-9711153152
49|A S Ambulance Services|M-59-B| Metrological Compound| Near 17 Block| Lodhi Colony| Delhi - 110003|+(91)-11-66536464
50|S K K Ambulance Services|27/15| 3rd Floor|Old Rajinder Nagar| Nr Karol Bagh| Old Rajender Nagar| Delhi - 110060|+(91)-11-66441235
51|Mohit Ambulance Service|C-157|G-Point| Near Rml Hospital| Kali Bari Marg| Connaught Place| Delhi - 110001|+(91)-9891512536
52|Max Health Care|N-110| Panchsheel Park| Panchsheel Enclave| Delhi - 110017|+(91)-11-46097008
53|Metro Hospital & Heart Institute|X-1| Noida Sector-12| Noida - 201301|+(91)-120-4366666
54|Orthonova Hospital|C-5/29| IIT Gate| SDA Mkt| Safdarjung Development Area| Delhi - 110016|+(91)-11-42012345
55|Uma Sanjeevani Health Care Centre|1| Dakshin Mg| Dlf City Phase II Gurgaon| Gurgaon - 122008|+(91)-124-2351257
56|Parmarth Mission Hospital|23/7| Shakti Nagar| Delhi - 110007|+(91)-11-23843798
57|Jeevan Nursing Home & Hospital|2-B| Next Ho Karol Bagh Metro Station| Pusa Road| Karol Bagh| Delhi - 110005|+(91)-11-42430246
58|Shaheed Bhagat Singh Sewa Dal|Community Centre| Janta Quarter| A Blk| PH-1| Vivek Vihar| Delhi - 110095|+(91)-11-22150680
59|Shri Ram Singh Hospital & Heart Ins...|B-25-26|26-A| East Krishna Ngr| Main Swarn Cinema Rd| Krishna Nagar| Delhi - 110051|+(91)-11-22092796
60|Cats Centralised Accident & Trauma ...|Nr Vijay Ghat | Yamuna Pusta| Bela Rd| Civil Lines| Delhi - 110054|+(91)-11-23861102
61|Shivalik Hospital|P No 1| Sec-37| Huda Mkt| Faridabad City| Faridabad - 121002|+(91)-129-4128715
62|Altius Sonia Hospital|1 Gulshan Park|Rohtak Rd| Near Lokesh Cinema| Nangloi| Delhi - 110041|+(91)-11-30777777
63|Fortis Hospital Ambulance Services|B-22| Noida Sector-62| Noida - 201309|+(91)-120-2400222
64|Spinal|Indian Spinal Injuries Centre| Sector-C| Opposite Vasant Valley School| Vasant Kunj| Delhi - 110070|+(91)-11-42255295
65|Pandit Nathu Ram Gaur Charitable Tr...|C-1/9| Krishna Nagar| Delhi - 110051|+(91)-11-22001906
66|Satya Bhama Hospital Pvt Ltd|126/105| Najafgarh Road| Near Water Tank| Nangloi| Delhi - 110041|+(91)-11-25942945
67|A One Hospital PVT LTD|A1/7| Nr Peera Garhi Crossing| Main Rohtak Rd| Paschim Vihar| Delhi - 110063|+(91)-11-25271177
68|Saint John Ambulance Assn|1| Ground Floor| Staff Quarter Complex| Red Cross Road| Parliament Street| Delhi - 110001|+(91)-11-47594949
69|M P Heart Centre|W-33| Part-1| Nr Gk Police Station| Greater Kailash| Delhi - 110048|+(91)-11-29234830
70|Samvit Health Care|Plot No-1| Islam Pur| Nr Rajiv Chowk| Sohna Rd| Gurgaon| Gurgaon - 122001|+(91)-124-2202230
71|Saras Hospital|A-1772|Green Fields Colony| Faridabad| Faridabad - 121001|+(91)-951292510002
72|Kamlesh Medical Centre|423| Bherav Enclave| Nr Peehra Garhi Chowk| Paschim Vihar| Delhi - 110063|+(91)-9811086235
73|Saint John Ambulance Brigade|Lodhi Road| Delhi - 110003|+(91)-11-24611756
74|Fortis Emergency Services LTD.|Red Building.| Near New Friends Colony| Okhla Road| Vasant Kunj| Delhi - 110070|+(91)-11-26825002
75|Ganesh Diagnostic & Imaging Centre (P) L...|Shop No. 15| Ground Floor| Near Voter Card Office| Najafgarh Road| Nangloi| Delhi - 110041|+(91)-11-25941405
76|Falck India|The Peach Tree|Block C| Sector 43| Sushant Lok Phase 1| Gurgaon - 122002|+(91)-124-4006675
77|Fortis Hospital Ambulance Services|B-22| Noida Sector-62| Noida - 201309|+(91)-120-2400444
78|Gtk Hospital|A-11| Sarai Pipal Thalla| Adarsh Nagar| Delhi - 110033|+(91)-11-65164756
79|Yadav Ambulance Services|690| Bihari Colony| Shahdara| Delhi - 110032|+(91)-9899519540
80|Ajay Ambulance Service|C-201/A| Near Deen Dayal Hospital| Hari Nagar| Delhi - 110064|+(91)-9818540762
81|Ayushman Ambulance Services|2647/194|Onkar Nagar A| nr mother dairy| Tri Nagar| Delhi - 110035|+(91)-9810224875
82|Harsh Van|Nigambodh Ghat| Nr Hanuman Mandir| Yamuna Bzr| Kashmere Gate| Delhi - 110006|+(91)-11-23862948
83|Life Savers Ambulance Services|H-5| Near Kulachi Hansraj Model School| Dda Flats| Ashok Vihar| Phase-1| Ashok Vihar| Delhi - 110052|+(91)-9650960348
84|Kapoor Medical And Ambulance Servic...|E-18| Opp To Bikanerwala| Naraina Vihar| Delhi - 110028|+(91)-9811895565
85|K K Hospital|2| Inder Encl| Main Rohtak Rd| Peera Garhi| Delhi - 110087|+(91)-11-25257540
86|Apex Hospital & laproscopic centre|H 16/34| Nr Uco Bank| Ratiya Mg| Sangam Vihar| Delhi - 110062|+(91)-8800506575
87|Yadav Ambulance|House No 690| Nehru Kutia| Malkaganj| Near Hindurao Hospital| Malka Ganj| Delhi - 110007|+(91)-9899519540
88|Aggarwal Ambulance Service|L-95b| Chankya Place Part 2| Dwarka| Delhi - 110075|+(91)-9891645525
89|Emsos Medical Pvt Ltd|2-C | Sagae Apartments| Opposite Patiala House Court| 6|Tilak Marg| New Delhi| Delhi - 110001|+(91)-9310534395
90|City Ambulance Services|F-6/11| Malviya Nagar| Delhi - 110017|+(91)-9810763456
91|Help Line For Ambulance|New Delhi| Delhi - 110001|+(91)-11-23498676
92|Saint John Ambulance Brigade|Parliament Street| Delhi - 110001|+(91)-11-23322237
93|Indra Nursing Home|Loni Rd|Nr Shanti Nagar Bus Stand Shanti Nagar|Loni| Ghaziabad| Ghaziabad - 201010|+(91)-9818970961
94|Pentamed Ambulance Service|Gujranwala Town| Delhi - 110009|+(91)-9911700900
95|M K Ambulance Services|B-68| Near Gopal Mandir| Dabri Ext| Janak Puri| Janakpuri| Delhi - 110058|+(91)-9810571341
96|Dost Ambulance|Jaipur Golden Hospital| Sec 3| Rohini| Delhi - 110085|+(91)-9811227955
97|Dr Harendra Singh|B 15/292| Lane-2|West End Marg| Saket| Delhi - 110017|+(91)-9711885561
98|Ambulance Noida Authority|Noida| Noida - 201301|102
99|Satyam Hospital|D-7| Charmwood Village| Adjacent Surajkund International School| Dayal Bagh Road| Surajkund| Faridabad - 121009|+(91)-9871504909
100|Ramanand Ambulance Services|C-1 Hari Nagar Clock Tower| Nr Deen Dayal Hospital| Hari Nagar| Delhi - 110064|+(91)-9810181640
101|Yadav Ambulance|3858| Near Kali Mandir| Khanna Mkt| Delhi - 110003|+(91)-8527869718
102|Green Line Ambulance|Karol Bagh| Delhi - 110005|+(91)-9818701414
103|Chawla Ambulance Services|Shadipur| Delhi - 110008|+(91)-11-25701302
104|Vivo Health Care Pvt. Ltd|Dlf City Club| Opposite Galleria Market| Dlf City Phase-4| Gurgaon| Gurgaon - 122002|+(91)-124-4365848
105|Aggarwal Ambulance Service|95| Veer Chanakya Place|Uttam Nagar Part-2| Janakpuri| Delhi - 110058|+(91)-9911961056
106|Sewa Ambulance Service|D-29| Surakh Pur More| Najafgarh| Delhi - 110043|+(91)-9810723854
107|Shree Balaji Diagnostics Pvt Ltd|F-7/26-27| Nr Dda Mkt| Rohini Sector-16| Delhi - 110085|+(91)-11-27893022
108|Train Ambulance Services|Gate No-4| Near Goal Dak Khana| Connaught Place| Delhi - 110001|+(91)-8527763178
109|Pulse Ambulance Services|A-1| Near Escort Hospital| New Friends Colony| Delhi - 110065|+(91)-11-46586600
110|Kapoor Ambulance Service|F-39| East Of Kailash| Delhi - 110065|+(91)-11-26287670
111|Ayushman Ambulance|Tri Nagar| Delhi - 110035|+(91)-9810224875
112|Red Wheels Ambulance Services|C-7/270| Nr Keshavpuram Metro Station C Keshavpuram| Tri Nagar| Delhi - 110035|+(91)-11-27199788
113|Sahara Ambulance Service|Wz-409| Nr Dda Hospital| Hari Nagar| Delhi - 110064|+(91)-11-32223141
114|Sewa Ambulance Service|Janakpuri| Delhi - 110058|+(91)-9810326643
115|Concord Air Charter Services|B-16| Palam Vihar Extension| Rk Tower| Palam Vihar| Gurgaon - 122017|+(91)-9899130786
116|Deepak Ambulance Service|Pitampura| Delhi - 110034|+(91)-8826567977
117|Indian Ambulance & Emergency Aerome...|H-330|Jalvayu Vihar|Pocket-04|Plot No-8| Greater Noida| Noida - 201301|+(91)-9999335872
118|Jivanrekha Diagnostic Center|Opposite Central Bank| Main Jaitpur Road! Village Hari Nagar| Badarpur| Delhi - 110044|+(91)-11-64638777
119|Helpline Ambulance Services|Flat No-100| Dda Flats| 25| D-Blk| Nizamuddin| Delhi - 110013|+(91)-11-24351358
120|A S Ambulance Services|M-59-B|Metrological Compound Lodhi Colony| Lodhi Colony| Delhi - 110003|+(91)-11-65049005
121|Vidya Tour & Travels|G B Panth Hospital|Gatr No 6| Asaf Ali Road| Delhi - 110002|+(91)-9350807701
122|SAI Kripa Ambulance Services|Gate No 2| Nr Petrol Pump| Aiims-Safdarjung Enclave| Delhi - 110029|+(91)-9999770978
123|Delhi Ambulance Services|New Delhi| Delhi - 110001|+(91)-11-25793124
124|Life Saver Ambulance Sevices|A-49| Olg Gupta Colony Vijay Ngr| Shakti Nagar| Delhi - 110007|+(91)-8860279663
125|Sai Ambulance Services|Vp-214| Pitampura| Delhi - 110088|+(91)-9999778777
126|Deepak Amubulance Services|C1 Blk Janakpuri| Mata Chanan Devi Hospital| Janakpuri| Delhi - 110058|+(91)-9871479384
127|R P Ambulance|Rzh-81| Gali No-A 8| Seeta Puri Part-2| Opp C1 Janakpuri| Janakpuri| Delhi - 110058|+(91)-9818204647
128|Khushi (Regd) Nursing Bureau|92 Vijay Nagar Uttam Nagar| Near Inderlokmetro Station| Uttam Nagar| Delhi - 110059|+(91)-9873287033
129|Green Line Ambulance Service|Budh Vihar| Delhi - 110086|+(91)-9911896989
130|A K Ambulance Service|Gate No 1| Aiims-Safdarjung Enclave| Delhi - 110029|+(91)-9650717294
131|UK Ambulance Service|Wz- 64| Naraina| Delhi - 110028|+(91)-9811178773
132|Suvidha Ambulance Service Regd|H No-108| Khicharipur| Near Primary School| Kalyan Puri| Delhi - 110091|+(91)-9871327557
133|Prime Ambulance|153| Near Mother Dairy| Mandawali| Delhi - 110092|+(91)-9999331666
134|SMT Ram Priya Krishan Chander Sharm...|B-552| New Friends Colony| Delhi - 110065|+(91)-11-46523153
135|S K Ambulance Services|Escort Hospital| Bansal Hospital| New Friends Colony| Delhi - 110065|+(91)-9958137023
136|Delhi Ambulance Service|East Of Kailash| Delhi - 110065|+(91)-11-26422289
137|OM SAI Ambulance Service|383/11- C| East Azad Ngr| Krishna Nagar| Delhi - 110051|+(91)-9560591714
138|Placement Ambulance|Greater Kailash I| Delhi - 110048|+(91)-11-29215487
139|Anju Nursing Bureau|24| Devli Village| Madangir| Delhi - 110062|+(91)-9871422696
140|A S Ambulance services|M-59-B|Metrological Compound .| Near 17 Block| Lodhi Colony| Delhi - 110003|+(91)-9891768926
141|Balaji Ambulance Services|Connaught Place| Delhi - 110001|+(91)-9999264466
142|Usha Drager Private Limited|New Delhi| Delhi - 110001|+(91)-11-29891272
143|Ajay Ambulance Services|145 & 147| Nr Safdarjung Hospital| Raj Ngr| Safdarjung Enclave| Delhi - 110029|+(91)-9871908573
144|Sadhubela Ambulance|Gate No-7|Safderjang Hospital| Safdarjung Enclave| Delhi - 110029|+(91)-8527743390
145|Chotala ambulance service|Gate No. 7| Safdarjung Enclave| Delhi - 110029|+(91)-9958187948
146|C Lal Ambulance Service|Aiims Hospital| Safdarjung Enclave| Delhi - 110029|+(91)-9911843552
147|Emsos Medical Pvt Ltd|1e/23| Near Jhandewalan Metro Station| Jhandewalan Extension| Delhi - 110055|+(91)-11-23388222
148|Keshav Ambulance Services|Sunder LAL Jain Hospital| PH-3| Ashok Vihar| Delhi - 110052|+(91)-9811325569
149|Lord Shiva Ambulance|6 A| Krishna Enclave| PH-3| Nr Satywati College| Ashok Vihar| Delhi - 110052|+(91)-9811605557
150|Green Line Ambulance|H 1/33| Jahangir Puri| Delhi - 110033|+(91)-9911896989
151|Harish Ambulance Service|Wz 459|MS Blk| Hari Nagar| Delhi - 110064|+(91)-9560155695
152|C LAL Ambulance Services|B-13| Ayur Vigyan Nagar| Gurgaon| Gurgaon - 122002|+(91)-9891991159
153|Mukhtar Health Centre|Shop 3| Jyoti Mkt | Shani Durga Mandir| Chakkarpur| Gurgaon - 122002|+(91)-9910562861
154|Sahil Ambulance|Sec-12| Near Ayushmaan Hospital| Dwarka| Delhi - 110075|+(91)-9811449638
155|Sheetla Ambulance|Main Bus Stand| Gurgaon| Gurgaon - 122001|+(91)-9810729756
156|Mamta Clinic|Vill Tikli| Gurgaon| Gurgaon - 122001|+(91)-9999407460
157|Sadbhavana Sewa Sansthan|Delhi|+(91)-9560449555
158|Life Ambulance Service|2/381| Trilok Puri| Delhi - 110091|+(91)-9811552746
159|gaurav ambulance|Infront Of Emergency| Nr All India Institute Of Medical Science| Safdarjung Enclave| Delhi - 110029|+(91)-9953249921
160|Kunal Ambulance Services|Local Shoping Center . Model Nagar| Derawal Nagar| Delhi - 110009|+(91)-8860738598
161|Anand Ambulance Services|C/O Paras Hospital| P No 1| Sec 43| Sushant Lok PH-1| Gurgaon| Gurgaon - 122001|+(91)-9811045617
162|Getwell Multi Speciality Hospital|S-19| Shalimar Garden Ext-I.near Dayanand Park| Ghaziabad| Ghaziabad - 201001|+(91)-9654224702
163|Dost Ambulance Services (Regd .)|Crp Camp Resum Texi Stand| Mayur Vihar Phase III| Delhi - 110096|+(91)-9717553671
164|Star Tourist|Okhla Head Bus Stand| Jamia Nagar| Delhi - 110025|+(91)-9811307604
165|24X7 Medical Service|A-69 Abul Fazal Encl Jamia Nagar| Jamia Nagar Police Station| Hari Kothi Road| Jamia Nagar| Delhi - 110025|+(91)-11-26981016
166|Sher Singh Sapra Cheritable Trust|51| Part-3| Ring Rd| Lajpat Nagar| Delhi - 110024|+(91)-9968303066
167|Nirmala Nurse Bureau|Main Mkt|Shop No-36| Defnce Colony| Subway Restaurent| Defence Colony| Delhi - 110024|+(91)-9911626545
168|Chaudhary Ambulance|S No. 142| Huda Mkt Sec -9| Faridabad Sector-36| Faridabad - 121001|+(91)-9266070020
169|Ravindra Ambulance Services|A-2| 242| Nr SBI Bank| Madangir| Delhi - 110062|+(91)-11-26055535
170|Khidmat Ambulance Service|L.n.j.p. Hospital Delhi Gate| New Delhi-110002| Delhi Gate| Delhi - 110002|+(91)-9990089004
171|Munna Bhai Ambulance Service|Lnjp Hospital| Delhi Gate| Darya Ganj| Delhi - 110002|+(91)-9718088127
172|D S Ambulance Service|3 No Gate| St Stephen| Tis Hazari Court| Delhi - 110054|+(91)-9250548724
173|M K Ambulance Services|B-68| Nr Gopal Mandir| Dabri Extn| Janakpuri| Delhi - 110058|+(91)-9810571341
174|Maheshwari Ambulance service|Gate No 1 {Emergency Gate}| Baba Bhimrav Ambedakar Hospital|Rohini Sec-6| Sec 6.. Rohini| Paschim Vihar| Delhi - 110063|+(91)-9999571244
175|Patel Ambulance Services|C 1|Mata Chanan Devi Hospital| Janakpuri| Delhi - 110058|+(91)-9971702081
176|Gajendre Ambulance Service|Rohini| Delhi - 110085|+(91)-9910427392
177|SAI Ambulace Service|1243/1 Dayanand Colony New Rail Road Gurgoan| New Railway Road| Gurgaon - 122001|+(91)-9818745137
178|Ashoka Rescue Air Ambulance|No. 106| Dharam Colony| Palam Vihar| Gurgaon Ho| Gurgaon - 122001|+(91)-124-2360049
179|Tyagi Ambulance|Thakral Nursing Home| Gurgaon| Gurgaon| Gurgaon - 122001|+(91)-9711405820
180|Raju Ambulance Services|316/25| Shakti Nagar| Gurgaon| Gurgaon - 122001|+(91)-8802002197
181|DEEPAK AMBULANCE SERVICE|C-102| REDISON HOTEL| OMICRON-2| Greater Noida| Noida - 201308|+(91)-8826567977
182|Yadav Ambulance Service|Arya Hospital| Hapur Road| Ghaziabad - 201001|+(91)-120-2794895
183|Getwell Multi Speciality Hospital|S-19| Shalimar Garden Ext-I.near Dayanand Park| Ghaziabad| Ghaziabad - 201001|+(91)-9654224702
184|Shovik Medical Store|Vill Noor Ngr| Sihani| Morti Rd| Ghaziabad| Ghaziabad - 201001|+(91)-9717724543
185|R K Ambulance Service|Lokpraya Hospital| Vasant Rd| Ghaziabad| Ghaziabad - 201001|+(91)-9958141412
186|Jai Durge Ambulance|Tempo Stand Sanjay Ngr| M Blk| Ghaziabad| Ghaziabad - 201001|+(91)-9871273383
187|DEEPAK AMBULANCE SERVICE|Atta Market| Noida - 201301|+(91)-8826567977
188|DEEPAK AMBULANCE SERVICE|Near atta market| Noida Sector-18| Noida - 201301|+(91)-8826567977
189|DEEPAK AMBULANCE SERVICE|atta market| Noida Sector-18| Noida - 201301|+(91)-8826567977
190|Tiwari Ambulance Services|6/125| Nr Gurudwara| Khichripur-Mayur Vihar Phase II| Delhi - 110091|+(91)-9350073587
191|lucky ambulance service|C 108| Khanpur| Mb Rd| Badarpur| Delhi - 110044|+(91)-9999293316
192|Awasthi Embulance & Mortuary Van Service...|E-677| West Vinod Nagar| Vinod Nagar| Delhi - 110092|+(91)-9810019284
193|Olympia Medtech International|Mayur Vihar| Delhi - 110091|+(91)-11-22757178
194|JAI Mata DI Ambulance Service|Mandawali| Mandawali| Delhi - 110092|+(91)-11-55927317
195|Koranga Hospitality Services|Badarpur| Delhi - 110044|+(91)-9818361733
196|Yadav Ambulance Services|109|Max Hospital| Patparganj| Delhi - 110092|+(91)-9899519540
197|Shubham Ambulance Service|10a|Vishkarma Park| Near Sdm Office| Lakshmi Nagar| Delhi - 110092|+(91)-9999073498
198|Bhero Ji Ambulance Service|Gtb Hospital Emergency Gate| Gate No 3| Nand Nagri| Delhi - 110093|+(91)-9312548153
199|Vishal Medical Hall|1b - 169| N I T Near Vijay Ramleela Committee| Faridabad| N I T Near Vijay Ramleela Committee| Factory Area| Faridabad - 121001|+(91)-129-2419691
200|S m Ambulance Services|26| Krishna Nagar| Delhi - 110051|+(91)-9350887821
201|Mohammed Aslam|Govindpuri Extension| Delhi - 110019|+(91)-11-26442786
202|OM SAI Ambulance Service|Near Batra Hospital| M B Road | Khanpur| Delhi - 110062|+(91)-8860761385
203|Eric John|Christian Gray| Khanpur| Batra Hospital| Khanpur| Delhi - 110062|+(91)-9871299345
204|Lord Shiva Ambulance Services|Shastri Nagar (E)| Delhi - 110031|+(91)-9811102335
205|Nepal Deswal Ambulance Service|B K Hospital NIT Faridabad| Faridabad NIT| Faridabad - 121001|+(91)-9268052383
206|Pooja Ambulance Services|B K Hospital| Near Nilam Cinema| Ajrona Chowk| NIT-New Industrial Township 1-Faridabad| Faridabad - 121001|+(91)-9711138476
207|D S Ambulance Service|House No-785| Near Oil Mill|Budh Colony| Faridabad NIT| Faridabad - 121001|+(91)-9711343199
208|Clinic & Diagnostics|S-320| Greater Kailash| Delhi - 110048|+(91)-11-26464341
209|Flowing Medical Equipment Company|Greater Kailash I| Delhi - 110048|+(91)-11-26281665
210|Darshan Ambulance Service|C-15| Kotla Forsha| Vikram Nagar| Dr Ambedkar Nagar-Madangir| Delhi - 110062|+(91)-9999688042
211|Naveen Ambulance Service|Lnjp Hospital| Delhi Gate| Gate No 3| Delhi Gate| Delhi - 110002|+(91)-9999924516
212|Kalu Ambulance Services|L .n. J. P. Hospital| Delhi Gate New Delhi| Delhi Gate| Delhi - 110002|+(91)-9910713810
213|Ramesh Ambulance Service|L.n.j.p. Hospital Delhi Gate| New Delhi-110002| Delhi Gate| Delhi - 110002|+(91)-9312019322
214|Harish Lala Ambulance Service|L N J P Hospital| Delhi Gate| Delhi - 110002|+(91)-9313214085
215|Neraj ambulance service|Lnjp Hospital| Gate No 3| Delhi Gate| Delhi - 110002|+(91)-9350136774
216|Amir Ambulance Service|L N J P Hospital| Delhi Gate| Delhi - 110002|+(91)-9911805644
217|Ajay Ambulance Service|Gate No -3 Arvind Hospital|Nr Ambedkar Staduim| Delhi Gate| Delhi - 110002|+(91)-9540097883
218|Sone LAL Ambulance Service|L N J P Hospital| Delhi Gate| Delhi - 110002|+(91)-9540097883
219|Yasin Ambulance Service|Lnjp Hospital| Delhi Gate| Darya Ganj| Delhi - 110002|+(91)-9891662205
220|d k ambulance service|Lnjp Hospital Delhi Gate| Asaf Ali Road| Delhi - 110002|+(91)-9868423833
221|RIP Tha last holy journey|T 74| Nr Krishna Mandir| Malviya Nagar| Delhi - 110017|+(91)-9810063552
222|Ashok Tamoli|A-201| Gautam Nagar| Delhi - 110049|+(91)-9891237822
223|Kaishab Ambulance Service|C-34| Rml Hospital No-4| New Delhi| Delhi - 110001|+(91)-9971634295
224|Pappu Ambulance Service|C-189| Ram Manohar Lohiya Hospital|Gate No-6| Connaught Place| Delhi - 110001|+(91)-9210688931
225|Bunty Ki Dukan|Yamuna Bazar| Nigam Bodh Ghat| Chandni Chowk| Delhi - 110006|+(91)-9718223626
226|Mandothya Ambulance Service|New Delhi| Delhi - 110001|+(91)-9810621536
227|Janta Ambulance Service|New Delhi| Delhi - 110001|+(91)-9891513652
228|Lokesh Ambulance Service|C-34| Point| R.m.l Hospital No .-4| New Delhi-110001| New Delhi| Delhi - 110001|+(91)-9958857811
229|Avik Ambulance Sewa|Emergency Gate No-1| All India Institute Of Medical Science| Safdarjung Enclave| Delhi - 110029|+(91)-7838993723
230|Baba Ambulance Service|Gate No 7| Safdarjung Enclave| Delhi - 110029|+(91)-9210844468
231|Karishma Ambulance Service|Gate No.6-7| Safdarjung Hospital| Safdarjung Enclave| Delhi - 110029|+(91)-8800486602
232|Aman Raman Ambulance Service|Gate No-6/7| Safdarjung Enclave| Delhi - 110029|+(91)-9350496338
233|Madan Ambulance|All India Institute Of Medical Sciences| Safdarjung Enclave| Delhi - 110029|+(91)-9968153095
234|One Health Care Solutions|105| P No-42a| Hauz Khas Village-Hauz Khas| Delhi - 110016|+(91)-9560954562
235|Prem Singh & Associates|Safdarjung Enclave| Delhi - 110029|+(91)-11-26196599
236|Albasel Medical & Tourism|B-9|Arg Complex| R K Puram Sector-13| Delhi - 110022|+(91)-11-26110797
237|deepakshar ambulance service|Reghar pura| Karol Bagh| Karol Bagh| Delhi - 110005|+(91)-8527418181
238|deepakshr ambulance service|reghar pura| vishnu mandir marg| Karol Bagh| Karol Bagh| Delhi - 110005|+(91)-9971967994
239|Life Savers Ambulance Service|Sir Ganga Ram Hospital| Old Rajender Nagar| Delhi - 110060|+(91)-9811016073
240|Lord Shiva Ambulance|6-A|Krishna Enclave| PH-1| Ashok Vihar| Delhi - 110052|+(91)-11-27427618
241|Pal Ambulance Service|Jahangir Puri| Delhi - 110033|+(91)-9958254141
242|C. James Funeral Service|18/8|Bangali Colony|Sant Nagar Burari| Burari| Delhi - 110084|+(91)-9873625801
243|I A SP|Kapashera| Delhi - 110037|+(91)-11-41685117
244|Sahara Ambulance Service|Hari Nagar| Delhi - 110064|+(91)-9810131545
245|I A S P|835| Rao Meer Singh Place| Kapashera| Delhi - 110037|+(91)-9810364143
246|Prem Ambulance Services|Manglapuri More Nr Kali Mandir| Dabri Rd| Palam Village| Delhi - 110045|+(91)-9540192676
247|Chauhan Hospital|Near Sime Singh Pesticide Shop| Palla Road| Bakhtawarpur| Delhi - 110036|+(91)-9312538203
248|Dilip Ambulance Services|Plot No-2| Near Ayushmaan Hospital|Sector-12| Dwarka| Delhi - 110075|+(91)-9873101262
249|OM Health care|Nr Dagar Cinema Hall|IMT| Naharpur| Gurgaon Sector-6| Gurgaon - 122001|+(91)-9540877204
250|sai ambulance servicce|1243/1| Dayanand Clny| Gurgaon| Gurgaon - 122001|+(91)-9818745137
251|Keneeth Ambulance Service|H No-1100| Nr Shakuntla Cinema| Gurgaon Sector-4| Gurgaon - 122001|+(91)-9871963171
252|JAI Mata DI Ambulance Services|722| A-Blk.j J Clny| Bawana| Delhi - 110039|+(91)-9891503360
253|Star Ambulance|Bawana| Delhi| Bawana| Bawana| Delhi - 110039|+(91)-8882752827
254|Tirupati Medical Centre|P No -3| Opp Mother Dairy|South City-1 Mkt| Rd No-1| Gurgaon| Gurgaon - 121104|+(91)-124-2380113
255|Apollo Morepen|Delhi|1066
256|White Page India|Golf Course Road| Gurgaon| Golf Course Road| Gurgaon - 120011|+(91)-124-2573700
257|DR. ASHWANI|47| Madan Park| Nr Dispensery| Gali No-4| Punjabi Bagh East| New Delhi - 110026 (Also serves DELHI)	| View Map|+(91)-9212016600
258|Miot Hospitals|No 4/112|Mount Poonamallee Road| Nandampakkam| Next To Chennai Trade Centre Manapakkam| Chennai| Chennai - 600089 (Also serves DELHI)	| View Map|+(91)-44-22492288
259|Bobby Ambulance|(Also serves DELHI)	|+(91)-9899105277
260|Rana Ambulance Services|A-193a|Raju Park| Sainik Farms| Delhi| Delhi - 110001|1129913304
261|Rana Ambulance Services|A 193 A Raju Park| Sainik Farms| New Delhi| Delhi - 110058|1129913304
262|Vijay Goswami Ambulance Service|Modi Hsptl| Hapur Ho| Hapur - 245101|+(91)-9897944318
263|Lucky Help Line|Pancheel Ngr| Hapur Ho| Hapur - 245101|+(91)-9756296502
264|Bafna Healthcare PVT. Limited|Plot No. 5| Sector 6| Mathura Road| Fatehabad - 121006|+(91)-129-4180700
265|Saleem Ambulance|Sudhir Nursing Home Kala Aam| Bulandshahr Ho| Bulandshahr - 203001|+(91)-9368716763
266|Rajwantijyoti Multispeciality Hospi...|990-B| Karanpuri House| Gulauti| Bulandshahr Ho| Bulandshahr - 203001|+(91)-9412229377
267|N.M.C. Sky Hospital|Garh Road| Llrm Medical College| Meerut - 250004|+(91)-121-2766541
268|Neel Kamal Nursing Home|Nr Nauchandi Shaheed Gate| Garh Rd| Meerut Cantt| Meerut - 250001|+(91)-121-2701070
269|Dr D K Jain Memorial Hospital|C-20/21| Sector 5| Near Dwarika Towers| Jagriti Vihar| Meerut - 250004|+(91)-121-2600502
270|Arjun Memorial Multispeciality Hospital|L-487| Shastri Nagar Meerut| Meerut - 250004|+(91)-9359712918
271|Prem Surgical Maternity & Trauma Ho...|L-5| Near L Block Crossing| Shastri Nagar Meerut| Meerut - 250004|+(91)-121-2709020
272|Janseva Ambulance|Sector 2| Jagriti Vihar| Meerut - 250004|+(91)-9837523302
273|Vijay Kumar Embulance Services|Jagriti Vihar| Meerut - 250004|+(91)-9259981663
274|Bharat Hospital and Trauma Center|Near Ccs University|Opp. Ambedkar Degree College| Garh Rd Meerut| Meerut - 250002|+(91)-121-6452262| +(91)-9634341634
275|Jaswant RAI Speciality Hospital|Opp Mawana Bus Stand| Mawana Road| Meerut - 250001|+(91)-121-2663887
276|Kamna Hospital And Laproscopic Surgery C...|Sharda Road| Meerut - 250002|+(91)-121-2514206
277|Falah E Aam Charitable Hospital|Ashiyana Colony| Hapur Rd| Hapur Road| Meerut - 250002|+(91)-121-2534070
278|Jeevan Rekha Hospital|Baghpat Road| Meerut - 250002|+(91)-121-4029318
279|Vinod Hospital|Opp| Rampurna Gases| Garh Rd Meerut| Meerut - 250002|+(91)-121-2765875
280|Eves Hospital|Opposite Eves Petrol Pump| Hapur Road| Meerut - 250002|+(91)-121-2648409
281|Ashirwad Nursing Home|Ashirwad Cplx| Opposite Transport Nagar Police Station| Baghpat Road| Meerut - 250002|+(91)-121-2511470
282|Sirohi Hospital|Near Check Post Tiraha| Multan Nagar| Baghpat Road| Meerut - 250002|+(91)-121-2688449
283|Bharat Hospital|Near TEJ Garhi| Garh Road| Meerut - 250002|+(91)-121-2603328
284|Good Luck Ambulance|Parked At: Dr. Lajpat RAI Nursing Home| Prahlad Nagar| Meerut - 250002|+(91)-121-2702275
285|National Ambulance Services|Kailash Hospital| Baghpat Road| Meerut - 250002|+(91)-121-2532776
286|Pandit Ambulance Services|Rajvansh Vihar| Garh Road| Garh Rd Meerut| Meerut - 250002|+(91)-9897218683
287|Vishnu Ambulance Service|Sanjay Nursing Home| Indra Chowk| MEERUT - 250002|+(91)-9837212266
288|Aastha Hospital|Near Bhola Road| In Front Of. Check Post| Sanjay Colony| Baghpat Road| Meerut| Baghpat Road| MEERUT - 250002|+(91)-8909016660
289|Sunil Ambulance Services|Sirohi Hospital Baghpat Road Meerut Uttar Pradesh| Baghpat Road| MEERUT - 250002|+(91)-8057907155
290|Sudhanshu Travels|Opposite Ananad Hospital| Ambedkar Nagar| Garh Road| Meerut - 250002|+(91)-9837392971
291|Shivlok Hospital|Modipuram Crossing| Roorkee Road| Meerut - 250105|+(91)-121-2576815
292|Hope Speciality Hospital|200| Opposite Tyagi Hospital| W. K. Road| Meerut - 250001|+(91)-121-2662600
293|Meerut Kidney Hospital|near saket iti| LIC Road| Prabhat Nagar| Meerut - 250001|+(91)-121-2672022
294|Meerut Scan Centre Private Limited|Eves Crossing| E.k. Road| Meerut Cantt| Meerut - 250001|+(91)-121-2642238
295|Divyajyoti Specialities|C-1/4| Pocket D| Ganga Nagar| Mawana Road| Meerut - 250001|+(91)-121-2620888
296|Saint Lukes Hospital|Saket| Meerut Cantt| Meerut - 250001|+(91)-121-2642700
297|Shanti Nursing Home|Near Natraj Cinema| Sardhana Road| Kanker Khera| Meerut - 250001|+(91)-121-2557016
298|Choudhary Abulance Services|Meerut Cantt| Meerut - 250001|+(91)-9837335999
299|Shri Balaji Ambulance Services|Medical College| Garh Rd| Meerut Cantt| Meerut - 250001|+(91)-9759586744
300|Jan Sewa Ambulance Service|Asta Sewa Samati| S K Rd| Meerut Cantt| Meerut - 250001|+(91)-9837523302
301|All India Ambulance Service|Mabana| Hyastina Pur Rd| Meerut Cantt| Meerut - 250001|+(91)-9927578731
302|All India Ambulance Services|88| Begam Bagh| Meerut Cantt| Meerut - 250001|+(91)-9927648384
303|Ashok Kumar Ambulance|B-13| Adarsh Ngr| Meerut Cantt| Meerut - 250001|+(91)-121-2664967
304|Radhey Radhey Ambulance|Kankhera Morh| Meerut Cantt| Meerut - 250001|+(91)-8410503051
305|Deepak Som|Bharat Hospital| Garh Rd| Meerut Cantt| Meerut - 250001|+(91)-7351011365
306|city ambulance service|Bhiwadi HO| Bhiwadi - 301019|+(91)-1493-511101
307|Life Line Hospital|Near Natraj Cinema| Kanker Khera| Meerut|+(91)-121-2557557
308|Mahesh Ambulance Sewa|Chouhan Nursing Home| National Highway- 2| Kosi Kalan| Kosi Kalan| Mathura - 281403|+(91)-9760169697
309|Sisaudiya Ambulance Service|Arya Ngr| Kosi Kalan| Mathura - 281403|+(91)-9219887262
310|Balwanti Nursing Home|Near Ashoka Academy| Ambedkar Road| Kanker Khera| Meerut|+(91)-121-2555717
311|Life Line Emergency Service|Lles Bldg| Tiger Lock| G T Rd| Aligarh Ho| Aligarh - 202001|+(91)-9219692196
312|Raja Ambulence Service|Near Medical| Aligarh Ho| Aligarh - 202001|+(91)-9927468417
313|Salman Khan|Nagla Patwari| Baroli Road| Aligarh Ho| Aligarh - 202001|+(91)-9045143672
314|Vishnu Medicare|510| Opp. Radhika Cinema| Qutabpur| Rewari H O| Rewari - 123401|+(91)-1274-250055
315|Yadav Ambulance Service|Yadav General Hospital| Rewari H O| Rewari - 123401|+(91)-9466514921
316|Lalit Yadav|Nr New Telephone Exchange| Circular Rd| Rewari H O| Rewari - 123401|+(91)-9467544345
317|Hyderabadi Hospital|Sanjay Chowk| Sonali Rd| Panipat H O| Panipat - 132145|+(91)-180-2643329
318|Rahul Mittal Memorial Hospital|House No -316| Model Town| Model Town| Panipat - 132145|+(91)-180-2652384
319|Janseva Ambulance Service|Near Main Gate| Govt. District Hospital| Roorkee Road| Muzaffar Nagar City| MUZAFFARNAGAR - 251002|+(91)-9837162826
320|Ambulance Sewa|Choudhary Charan Mkt | Nr Mahaveer Chowk| Muzaffar Nagar City| Muzaffarnagar - 251002|+(91)-9927860096
321|Yunus Ambulance Service|Muzaffar Nagar City| Muzaffarnagar - 251002|+(91)-8057312342
322|Rotary International Sachal Ambulan...|Judge Colony| Near D.a.v. Public School| Circular Road| Muzaffar Nagar City| Muzaffarnagar - 251002|+(91)-9837209122
323|Bala Ji Ambulance Service|Nr Thana Civil Line| Muzaffar Nagar City| Muzaffarnagar - 251002|+(91)-9012014007
324|Gurjar Ambulance Sewa|Anwar Nursing Home| Kairana Rd| Shamli| Muzaffarnagar - 247776|+(91)-9927223641
325|Amit Ambulance|Lilon Road| Peerbaba| Lilon Road| Shamli| Muzaffarnagar - 247776|+(91)-9412486826
326|Ambulance Service|Civil Line| Muzaffarnagar| Shanti Madan Hospital Ke Samne| Muzaffarnagar| Civil Lines| Muzaffarnagar - 251001|+(91)-9927522522
327|Ambulance Sewa|Des Raj Clny| Panipat H O| Panipat - 132103|+(91)-9255553311
328|Kailash Sharma Ambulance|Maheshwari Hospital|Gokul Restaurant| By Pass Delhi Rd| Mathura Ho| Mathura - 281001|+(91)-9690216716
329|Kaushal Sharma|Nr Railway Station|Safido Mandi| Jind H O| Jind - 124413|+(91)-9416170170
330|Uttreja Ambulance|4|Gher Khatti| Near Dr Ashok & Gaushala New Mandi| Gaushala Road New Mandi| New Mandi| MUZAFFARNAGAR - 251001|+(91)-7830170696
331|Tushar Ambulance Services|Bh Civil Hospital| Tehsil Camp| Panipat - 132113|+(91)-9812990052
332|Rawat Ji Ambulance Wale|Burman Nursing Home| Burman Nursing Hom| Sadar Road| Sadar Bazar| Mathura - 281002|+(91)-9219743780
333|Sanjeev Thakur Ambulance|Civil Lines Hospital| Moradabad Ho| Moradabad - 244001|+(91)-9927580837
334|Ambulance & Omni Van|Nr Dl Nursing Home Bangla Vill | Neem Wali Jarat| Moradabad Ho| Moradabad - 244001|+(91)-9319299006
335|Yash Ambulance Service|Shri SAI Hospital| Delhi Rd| Moradabad Ho| Moradabad - 244001|+(91)-9758500305
336|Naresh Goswami Ambulance Service|Shri SAI Hospital| Delhi Rd| Moradabad Ho| Moradabad - 244001|+(91)-9639468947
337|Chhatrapal singh saini|Durgesh Ngr| Moradabad Ho| Moradabad - 244001|+(91)-9837146965
338|Mukesh Ambulance service|Sri SAI Hospital| Delhi Rd| Moradabad Ho| Moradabad - 244001|+(91)-9837619030
339|Santpal Singh|Line Par| Chou Ki Basti| Moradabad Ho| Moradabad - 244001|+(91)-9528979843
340|Madan Ambulance Service|Civil Lines Hospital| Moradabad Ho| Moradabad - 244001|+(91)-9760166607
341|Agnesk Ambulance Service|MIG-4| Astha Colony| Ram Ganga Vihar Phase-2| Kanth Road| Moradabad| Moradabad Ho| MORADABAD - 244001|+(91)-9411635455
342|Rajpoot Ambulance Service|Sahavar Gate| Kashi Ramnagar UP| Kasganj - 207123|+(91)-8954695498
343|Chanderwati Medical Centre|780| Dav College Road| Karnal Ho| KARNAL - 132001|+(91)-9896657888
344|Surender singh ambulance service|Opp. Police Line| Near Dayal Singh College| Karnal| Karnal Ho| Karnal - 132001|+(91)-9896121129
345|Rajbir Chaudhary Ambulance Service|444| Randhir Lane| Karnal Ho| Karnal - 132001|+(91)-9896773730
346|Samra Ambulance Services|Shop No -1| Vpo- Darar | Near Gurudwara Market| Karnal Gbs| KARNAL - 132001|+(91)-9468090885
347|Avinav Ambulance Service|49| Near Parnani Mandir| Model Town| Punjpura Road| Karnal Ho| Karnal - 132001|+(91)-9813500927
348|All India Ambulance Service|Off Hotel Mahesh Gupta Residency Railway Station| Najibabad| Bijnor - 246763|+(91)-7500105500
349|LIFE GUARD AMBULANCE SERVICE|Ranjeet Ngr|Railway Station|Mandi| Bharatpur Ho| Bharatpur - 321001|+(91)-9649955444
350|Ashok Kumar Saini|Surajpol|Nr New Hospital| Bharatpur Ho| Bharatpur - 321001|+(91)-9828837818
351|Neeraj Ambulance Seva|Opp New Hospital| Sarkular Rd| Bharatpur Ho| Bharatpur - 321001|+(91)-8104649947
352|Priti Ambulance Sewa|Opp New Hospital| Sarkular Rd| Bharatpur Ho| Bharatpur - 321001|+(91)-5644-228702
353|Ram Raghu Hospital|Charg Rd| Agra Ho| Agra - 282001|2523782
354|Shri Ram Hospital|Agra Ho| Agra - 282001|+(91)-562-2851954
355|Verma Nursing Home|4/6| Nr Sanjay Place| Ram Babu Mg| Civil Line| Agra - 282002|+(91)-562-2854732
356|Oxim Saviour Ambulance Service|5/79| Madia Katra| Bagh| Agra - 282002|+(91)-562-6524000
357|Dr Khanduri Ultrasound & X Ray|Laxman Jhulla Rd|New Rd| Rishikesh Uttranchal| Rishikesh - 249409|+(91)-1334-2659192
358|Sharma Ambulance Service|B-5-1757/D26.| Green Park|Nr Sasouli Govt School| Yamunanagar Ho| Yamunanagar - 135001|+(91)-9466560922
359|Rathi Ambulance Services|Civil Hospital| Roorkee Ho| Roorkee - 247667|+(91)-9536514107
360|Lasante Healthcare (P) Ltd|A-40/6| Air Force Station Bareilly| Bareilly - 243002|18001200102
361|Shri SAI Ambulance Service|Nr School| Jamalpur Kirat| Bijnor - 246735|+(91)-9627813740
362|Boby Kasyap|Nr Govt Hospital| Dholpur Rajasthan| Dholpur - 328035|+(91)-5642-224596
363|Shri Guru Singh Sabha|Dehradun City| Dehradun - 248001|+(91)-135-2624331
364|Sai Ambulance & Tour Travels|Rest Camp| Tyagi Rd| Dehradun Gpo| Dehradun - 248001|+(91)-9761286719
365|Shri Mahalaxmi Ambulance Service|Amar Bharti Clny| Dehradun Gpo| Dehradun - 248001|+(91)-9411311579
366|Doon Hospital|New Rd| Dehradun Gpo| Dehradun - 248001|+(91)-135-2659355
367|GVK Emergency Management|2 Nd Floor|Coronation Hospital| Curzon Road Dalanwala| Dehradun Gpo| Dehradun - 248001|+(91)-135-2710025
368|Shri Guri Singh Sabha|Arhat Bzr| Dehradun Gpo| Dehradun - 248001|+(91)-135-2724331
369|AC & Non AC Ambulance|Bhandari Bagh| Dehradun City| Dehradun - 248001|+(91)-9358136577
370|Khanduri Ultrasound|New Road Ddn| Dehradun Gpo| Dehradun - 248001|+(91)-135-2659192
371|Brij LAL Hospital|Anandi Tower| Tedhi Pulia| Nainitaal Rd.| Haldwani Ho| Haldwani - 263139|+(91)-5946-284816
372|Ranu Ambulance Sewa|Sushila Tiwari Hospital| Haldwani Ho| Haldwani - 263139|+(91)-9756025531
373|Sharma Ambulance Service|Haldwani Ho| Haldwani - 263139|+(91)-9634529922
374|K D Hospital|Mahesh Ngr| Ambala Cantt| Ambala - 133001|+(91)-171-2651882
375|M K Datta Hospital|Cross Rd No-1|New Jagadhri Rd| Ambala Cantt| Ambala - 133001|+(91)-171-2642745
376|Aneja Hospital & Nursing Home|Mahesh Ngr| Babyal Rd| Ambala Cantt| Ambala - 133001|+(91)-171-2661901
377|Monga Hospital|Mahesh Ngr| Jagadhari Rd| Ambala Cantt| Ambala - 133001|+(91)-171-2651688
378|Kalyan Bharti|Ambala Cantt| Ambala - 133001|+(91)-171-2634965
379|Manocha Hospital|Arya Chowk|Near Pkr Jain High School| Ambala City| Ambala - 134003|+(91)-171-2553073
380|Ambulance Service Emergency|Civil Hospital| New Emergency Near Operation Theatre| Ambala City| Ambala - 134003|+(91)-171-2630139
381|Trivedi Travels & Motors|Nr Baba Hotel| Thandi Sarak| Farrukhabad| Farrukhabad - 209625|+(91)-8909343599
382|DR Vaseem Hospital|Anta Visrat Road| Bijli Pura| Shahjahanpur H O| Shahjahanpur - 242001|+(91)-5842-223838
383|JAI Bholenath Ambulance Service|Alijai| Shahjahanpur H O| Shahjahanpur - 242001|+(91)-7275468041
384|J P Hospital|Chandigarh Road| Opp Qasis Banquet| Zirakpur| Zirakpur| Chandigarh - 140105|+(91)-9780492926
385|Red Cross Hospital|Sanganeri Gate| Nr Mahila Chikitsalaya| Vishwakarma Industrial Area| Jaipur - 302013|+(91)-141-2608716
386|Shivam Tours & Travels|38|Kanota| Kanota Bagh| Jawahar Nagar| Jaipur - 302004|+(91)-141-5102291
387|Kak Nurshing Home|Sco 355| Chandigarh| Sector 32| Sector-32| Chandigarh - 160031|+(91)-172-2606221
388|Jyotiba Hospital|Opp Amber Tower|Nr Mansingh Hotel| Sansar Chandra Rd| PMG Office| Jaipur - 302007|+(91)-141-2376902
389|Hemant Ambulance|190| Galta Gate|Rishi Galav Ngr| Jaipur City| Jaipur - 302003|+(91)-141-2640009
390|Uniara Shishu Ambulance Service|20| Uniara Garden| Jln Mg| Jaipur City| Jaipur - 302003|+(91)-9829062290
391|Shivam Ambulance Services|Sk Soni Hospital| Vidhyadhar Nagar Main Sikar Road| Sector 1| Sikar Road| Jaipur - 302023|+(91)-9414209006
392|Happy Family Hospital|Shop No.54| Samadhi Gate| Old Ropar Road| Old Ropar Rd| Mani Majra| Chandigarh - 160101|+(91)-172-2731951
393|Sardarji Ambulance|235| Gurunanak Park|Nr Singh tat & Panami Mandir| Jaipur Gpo| Jaipur - 302001|+(91)-141-2621631
394|EMERGENCY AMBULANCE SERVICES|B-26| Near SMS Hospital| C Scheme| JAIPUR - 302001|+(91)-9414918727
395|Jaspal Singh Ambulanace|Zirakpur| Chandigarh - 160101|+(91)-172-6574657
396|Ambulence Service|Shastri Nagar| Lashker Road| B- Block| Bhind H O| Bhind - 477001|+(91)-9617523700
397|Siddharth C T Scan & Imaging Centre|17-B| Joshi Clny| Barkat Nagar| Jaipur - 302015|+(91)-141-2740054
398|Critical Care Ambulance|1-113| Near Satkar Shopping Center| Malviya Nagar| Jaipur - 302017|+(91)-141-2753412| +(91)-8875400500
399|General Hospital|Sec-16| Sector-16| Chandigarh - 160016|+(91)-172-2782457
400|sachin ambulance service|Bagar Hospital| Jaipur| Jaipur - 302021|+(91)-8952825050
401|Ganesh Ambulance Travels|44/15| Shop No-2| Kiran Path| Mansarovar| - 302020|+(91)-141-2781877| +(91)-9414311548
402|Indian Red Cross Society|Karna Sadan Bldg| Sector-11| Chandigarh - 160011|+(91)-172-2744188
403|Muskan Ambulance Services|61/ 209| Rajat Path| Adjoint To Rameshwar Mandir| Mansarovar| JAIPUR - 302020|+(91)-9929333933
404|Balaji Medical|Sree Kalyan Circle| Sikar Ho| Sikar - 332001|+(91)-9414851152
405|Shree Shyam Ambulance|Opp Sk College| Sikar| Silver Jublee Road| Sikar Ho| Sikar - 332001|+(91)-9828685972
406|Chaudhary Hospital|Chaudhary Hospital| Kurali|Mohali| Singhpura Road| Mohali Sas Nagar| Mohali - 160055|+(91)-172-2641144
407|Gurshan Travels|212| 1st Floor| Phase-2| Mohali Sas Nagar| Mohali - 160055|+(91)-9815034294
408|Khandelwal Ambulance|67/56| Near Madarsa Bus Stand Dhanwantri Hospital| Mansarovar| Jaipur - 302020|+(91)-9667925171
409|Shivam Ambulance Service|45/180| Moti Path| Mansarovar| Jaipur - 302020|+(91)-9694324144
410|Suvidha E Services Pvt Limited|Scf-20| Phase-3| Mohali| Chandigarh - 140901|+(91)-160-4370437
411|Sirsa Ambulance Service|Janta Hospital| Dabwali Rd| Sirsa Ho| Sirsa-Haryana - 125055|+(91)-9813193414
412|A.C.Aambulanc|Dabwali Rode| Sangwan Chowk| Sirsa Ho| Sirsa-Haryana - 125055|+(91)-1666-243666
413|Chandak Hospital|Hospital Road| Gwalior H O| Gwalior - 474001|+(91)-751-2324131
414|Chirayu Hospital|52| Ratan Colony| Jiwaji Ganj| Gwalior H O| Gwalior - 474001|+(91)-751-2336222
415|Ashok Kumar Jain|304| Sneh Apartment| Near Gda| Gwalior H O| Gwalior - 474001|+(91)-751-2324747
416|Dewan Hospital & Research Institue|Huzrat Road| Gwalior H O| Gwalior - 474001|+(91)-751-2310900
417|Gaur Nursing Home|Daulat Ganj| Gwalior H O| Gwalior - 474001|+(91)-751-2327133
418|Gwalior Children Hospital|Opp Jhansi Road Police Station| Gwalior H O| Gwalior - 474001|+(91)-751-2322191
419|Lokhitkari Trust Ambulance|102| Kherapati Apartment| Marimata Road| Gwalior H O| Gwalior - 474001|+(91)-9425338962
420|Online Service Ambulance|Janak Ganj| Hanuman Chouraha| Lashkar| Gwalior - 474001|+(91)-751-4076222
421|Emergency Ambulance Service|Casualty Department| Jah Hospital Campus| Lashkar| GWALIOR - 474001|+(91)-751-2410452
422|Tomar Ambulance Services|Naka Chanrawadani| Gali No 3| Lashkar| Gwalior - 474001|+(91)-9754743037
423|Helpline Critical Care Ambulance Service...|House No 4| Naka Chanrawadani| Gali No 1| Lashkar| Gwalior - 474001|+(91)-9300678453
424|Critical Ambulance Services|J A Hospital Campus| Near G R Medical College| Lashkar| Gwalior - 474001|+(91)-9329097292
425|Yadav Ambulance Sewa|Tansen Nagar| Gwalior H O| GWALIOR - 474001|+(91)-9827075920
426|Pappu Ambulance Service|Linepaar| Sanjay Nagar| Hathikhana| LAL Kuan| Nainital| LAL Kuan Nainital| NAINITAL - 262402|+(91)-9627227860
427|Kamla Nehru Hospital|Shimla Gpo| Shimla - 171001|2625097
428|Guru Nanak Seva Society|Shimla Gpo| Shimla - 171001|+(91)-9816042789
429|Ranu Ambulance Sewa|Opp Hospital| Main Rd| Haldiyani| Nainital - 263134|+(91)-8909230090
430|Goodwill Rescue & Healthcare Servic...|Office:125|Street No.03| Bhamian Khurd|Near Obc Bank| Baba Deep Singh Nagar| Chandigarh Road| Ludhiana - 141010|+(91)-9855500566
431|Goodwill Rescue & Healthcare Servic...|Office:125|Street No.03street| Bhamian Road| Chandigarh Road| Ludhiana - 141010|+(91)-9855500566
432|Dabwali Jan Sahara Sewa Sansatha|Nr Ganesh Motors| Dabwal Mkt I| Sirsa Rd| Dabwali| Sirsa-Haryana - 125104|+(91)-9354481000
433|Gurudwara Baba Shaheed Ambulance Service|Vill Bassian| Near Jagraon Ludhiana| Jagraon| Ludhiana - 142026|+(91)-9815651114
434|Ambulance Sewa|Baba Bhai Ji Sahib Samaj Balai Club| Bhatinda H O| Bhatinda - 151001|+(91)-9417325364
435|Helpline Welfare Society|Rama Mandi| Bhatinda| Bhatinda H O| Bhatinda - 151001|+(91)-9876761200
436|DR Prithipal Memorial Hospital|Old Grain Market| Kotkapura| Kotkapura - 151204|+(91)-1635-222165
437|C. L. Memorial Hospital & Maternity...|121/625| Vijay Nagar| Kanpur - 208005|+(91)-512-2236397
438|Anand Ambulance Service|T-2|B-2| Esi Hospital| Pandu Nagar| Kanpur - 208005|+(91)-9415132276
439|Asha Nursing Home|122/454| Shastri Nagar| Kanpur - 208005|+(91)-512-2220657
440|Rishabh Hospital & Research Centre ...|Gumti No. 9| Geeta Nagar Crossing| Geeta Nagar| Kanpur - 208025|+(91)-9918500511
441|Lasante Healthcare (P) Ltd|B-35| Kidwai Nagar| Kidwai Nagar| KANPUR - 208011|1800 1200 102
442|Verma Ambulance & Loading Services|Nr Govt Hospital| Hanumangarh Town| Hanumangarh - 335513|+(91)-9694998110
443|Solanki Ambulance Sewa|Near Virangna Nagar| Near Medical College Gate No-1| Jhansi City| Jhansi - 284002|+(91)-8004446439
444|Home Delivery AAPKE GHAR TAK|Gaurav Market| Jawahar Wali Gali| Manik Chowk| JHANSI - 284002|+(91)-9307253575
445|Ambulance Helpline|Jalandhar City| Jalandhar - 144001|+(91)-181-2224366
446|Sunder Singh|38/11| Deol Ngr| Lajpat Nagar| Jalandhar - 144001|+(91)-9356153563
447|Patel Ambulance Seva|Medical College Gate No 1 & 2| Kanpur Rd| Jhansi Ho| Jhansi - 284001|+(91)-9415587580
448|Katiyar Ambulance Sewa|Opp Medical Coolage Gate No 1| Kanpur Rd| Jhansi Ho| Jhansi - 284001|+(91)-9415504751
449|Lasante Healthcare (P) Ltd|A-65| Medical College Road| Medical College Road| Jhansi - 284001|1800 1200 102
450|Prajapati Ambulance Service|In Front Of Madical Gate No.1 Jhansi| Kanpur Road| Jhansi - 284001|+(91)-9838161295
451|Jagriti Hospital|A-Block| Rajaji Puram| Lucknow - 226017|+(91)-522-2661623
452|Alamnagar Hospital|Near Mohan Bus Stand| Sector-11| Rajaji Puram| Lucknow - 226017|+(91)-522-2414287
453|City Hospital & Truama Centre Clini...|C-1| Cinder Dump Complex| Opp. Krishna Cinema Hall| Kanpur Road| Alambagh| Lucknow - 226005|+(91)-522-2463301
454|Green Cross Hospital|B-167 A| Nirala Nagar| Lucknow - 226020|+(91)-522-2789927
455|Aliganj Hospital|B-36| Sec-4| Aliganj Extension| Lucknow| Uttar Pradesh| Lucknow| Lucknow - 226020|+(91)-522-2328156
456|Limra Medical Center|464/64-2| Tahseenganj| Lucknow Chowk| Lucknow - 226003|+(91)-522-2258409
457|Zia Ambulance Service|Near Panitankai| Sita Pur Road| Khadra Lucknow| Lucknow - 226020|+(91)-9026032389
458|Samvedna Ambulance Service|Manas Hospital| Ekta Ngr Chauraha| Campbell Road| Cantt Road| Lucknow - 226001|+(91)-522-2405450| +(91)-8808022444
459|Balrampur Hospital|Golaganj| Lucknow - 226018|+(91)-522-2624040
460|Vishal Hospital & Heart Centre|B-1/32| Ring Road| Sec-G| Jankipuram| Lucknow - 226021|+(91)-522-2362024
461|Govt Ayurvedic Hospital|Aminabad| Lucknow - 226018|+(91)-522-2264727
462|Mishra Nursing Home|61| Near Navyug Inter College| Rajendra Nagar| Lucknow - 226004|+(91)-522-2691421
463|Chandra Maternity & Urd. Center|18| Indrani Nagar| Rakab Ganj| Lucknow - 226018|+(91)-522-2242548
464|Gupta Ambulance Service|474/36|Murai Tola| Near Pukka Pul| Sitapur Rd Lucknow| LUCKNOW - 226021|+(91)-8853111144
465|Krishna Medical Centre|1| Rana Pratap Marg| Lucknow - 226001|+(91)-522-2616064
466|Sewa Hospital & Research Center|Sewa Nagar| Sitapur Rd| Lucknow - 226021|+(91)-522-2734551
467|Kilkari Hospital|Hig-1/20 B| Priyadarshini Colony| Sector-B| Sitapur Rd| Lucknow - 226021|+(91)-522-2756470
468|Aprajita Hospital|B-1/5| Sector-G| Opp. Bhawna Complex| Sahara Estate Road| Jankipuram| Lucknow - 226021|+(91)-522-2363370
469|Adarsh Hospital & Welfare Centre|B-9| Sector-L| Near Bangla Bazar| Lda Coloy| Lucknow - 226012|+(91)-522-2421372
470|Communicable Infectious Diseases Hospita...|Nr Iron Bridge| Daliganj| Lucknow - 226007|+(91)-522-2283584
471|Gupta Ambulance Services|474/36| Nr Pakka Pul| Khadra| Muraitola| Khadra| Sitapur Rd Lucknow| Lucknow - 226021|+(91)-9984373253
472|Sharda Hospital|2/666| Vikas Nagar| Lucknow - 226022|+(91)-522-2769640
473|Sona Medical Center|5/3| Vikas Nagar| Lucknow - 226022|+(91)-522-4016792
474|K G M C Hospital|Lucknow Gpo| Lucknow - 226001|+(91)-522-2257450
475|Balrampur Hospital|Lucknow Gpo| Lucknow - 226001|+(91)-522-2629949
476|Sahar Nursing Home|6| Near City Station| River Bank Colony| Nabiullah Road| Wazirganj| Lucknow - 226001|+(91)-522-2231578
477|Dr Shyama Prasad Mukherjee Hospital|Opp Gpo| Park Rd| Hazratganj| Lucknow - 226001|+(91)-522-2239007
478|Cantt Hospital|Sadar| Lucknow Gpo| Lucknow - 226001|+(91)-522-2450152
479|Lucknow Eye Hospital|82/40ka| Near Bheri Mandi| Guru Govind Singh Marg| Lalkuan| Lucknow - 226001|+(91)-522-4043272
480|Goel Hospital|Goel Plaza| Opp. Sahara Shopping Complex| Faizabad Road| Lucknow - 226016|+(91)-522-2350729
481|Aashirwad Hospital|11/573-574| Sector-11| Indira Nagar| Lucknow - 226016|+(91)-522-2509543
482|Dr Bahar Hospital|Raj Chambers|29/9|4th Flr| Hazrat Ganj| R P Mg| A P Sabha| Lucknow - 226001|+(91)-522-2270100
483|Raja Tour & Travels|Pakka Pul Mari Mata Mandir Chowk| Lucknow Gpo| Lucknow - 226001|+(91)-9415766297
484|Sukh Diagnostic Center|Basement-6 Sukh Complex| Munsipulia|Indira Nagar| Munshi Pulia| Lucknow - 226016|+(91)-522-2359890
485|Intercity Ambulance Services|3/184 Viraj Khand-3| Near Sahara Hospital| Gomti Nagar| LUCKNOW - 226002|+(91)-9454000999
486|Rukhsaana Medical & Trama Center|Ashfrabad | Nakhas| Din Dayal Rd| Nakhas| Lucknow - 226002|+(91)-9795329575
487|Intercity Tours & Travels|3/184 Viraj Khand| Near Sahara Hospital| Gomti Nagar| LUCKNOW - 226002|9454000999
488|Lasante Healthcare Pvt Ltd|Lasante House D-2/30 Vibhuti Khand| Gomti Nagar| Lucknow - 226010|+(91)-522-3040102| +(91)-9792102102
489|Mayo Medical Centre|Vikas Khand-2| Gomti Nagar| Lucknow - 226010|+(91)-522-2302269
490|Shakun Maternity Centrer|B-51| Mandir Marg| Mahanagar| Lucknow - 226006|+(91)-522-2329887
491|Dree Ambulance Services|Kota H O| Kota-rajasthan - 324001|+(91)-744-2433841
492|Banvari Lal Sharma Charitable Trust|A-9 Murlidhar Vyas Nagar| Karmisar Road| Bikaner| Bikaner - 334002|+(91)-151-2211066| +(91)-9414137071
493|Guru Ram Dass Hospital|Nr Chattiwind Gate| Amritsar Gpo| Amritsar - 143001|+(91)-183-2553668
494|Kakkar Hospital|Green Avenue| Amritsar Gpo| Amritsar - 143001|+(91)-183-2506015
495|Dhab Wasti Ram|Amritsar Gpo| Amritsar - 143001|+(91)-183-2544440
496|Mata Kartar Kaur Memorial Hospital|Nr. Springdale School| Bye Pass| Fatehgarh Churian Road| Amritsar - 143001|+(91)-9417053913
497|Mathur Hospital & Research Centre|Sohan Sajjan Bhawan| Near Rajasthan Pan Bhandar| Main Road |Rani Bazar| Rani Bazar| BIKANER - 334001|+(91)-151-2221431| +(91)-9782866099
498|Charak Hospital & Research Centre|Old Navbharat Building| Jahangirabad| Bhopal - 462008|+(91)-755-4204500
499|Raju Sharma|Judgi Chouraha| Bijnor Ho| Bijnor - 246701|+(91)-9837762489
500|M K Siddiqui Trust|Vill Sarai Dedumber |Post Kotwali Dehat| Tehsil Nagina| Bijnor Ho| Bijnor - 246701|+(91)-1342-260115
